id,title,artist,album,duration,genre,moods,rating,playCount
500,Ocean Dreams,Blue Fiction,Vol. 1,313,indie,calm|epic|focus,0,0
499,Neon Hearts,The Storm,Night Drive,136,rock,romantic|focus,0,0
498,Electric Sky,Neon Riders,Night Drive,244,jazz,happy|focus|romantic,0,0
497,青のすみか,LiSA,青い炎,349,pop,sad|happy|dramatic,0,0
496,Neon Shadows,MC Echo,Single,154,lofi,chill,0,0
495,風吹けば恋,YOASOBI,ベスト,174,anime,sad|chill|ending,0,0
494,Ocean Lights,The Theory,Vol. 1,130,rock,focus|chill,0,0
493,Golden Hearts,Young Nova,Single,261,jazz,energetic|sad|dramatic,0,0
492,Golden Lights,MC Hearts,Vol. 1,395,lofi,dramatic,0,0
491,Electric City,Young Lights,Single,411,indie,calm|sad|energetic,0,0
490,Silver Fire,King Nova,Single,286,jazz,sad|happy|dramatic,0,0
489,Silver Fire,Silent Echo,Greatest Hits,282,alt,focus,0,0
488,Gravity Sky,Blue Nova,Reflections,133,anime,happy|anime,0,0
487,Ocean Lights,The Hearts,Reflections,240,pop,calm,0,0
486,Wild Hearts,Blue Waves,Greatest Hits,365,alt,calm|chill,0,0
485,夜に駆ける,LiSA,ベスト,326,jazz,focus|epic|sad,0,0
484,白日,Official髭男dism,シングル,318,jpop,happy|energetic|chill|anime,0,0
483,Crimson Lights,Queen Waves,Vol. 1,321,jazz,epic|energetic|focus,0,0
482,Gravity Hearts,MC Nova,Vol. 2,275,alt,sad|epic,0,0
481,Gravity Run,Queen Lights,Reflections,167,jazz,energetic,0,0
480,Golden Dreams,Young Riders,Reflections,298,jpop,calm|chill|ost,0,0
479,キラキラ,Official髭男dism,シングル,290,indie,happy,0,0
478,Neon Sky,Neon Nova,Vol. 2,170,pop,romantic|chill,0,0
477,夜に駆ける,宇多田ヒカル,物語,341,alt,happy|sad|chill,0,0
476,Ocean Dreams,Saint Theory,Reflections,391,indie,energetic,0,0
475,Ocean Rain,The Echo,Reflections,255,lofi,focus,0,0
474,青のすみか,YOASOBI,シングル,343,lofi,happy,0,0
473,炎,宇多田ヒカル,物語,299,indie,calm,0,0
472,Velvet Lights,The Theory,Reflections,294,indie,focus|energetic|romantic,0,0
471,Ocean Fire,The Echo,Reflections,362,alt,focus|romantic|energetic,0,0
470,Velvet Shadows,MC Waves,Vol. 2,170,indie,dramatic|energetic|calm,0,0
469,Midnight Rain,MC Hearts,Reflections,126,pop,epic,0,0
468,白日,米津玄師,心の音,402,jazz,epic,0,0
467,キラキラ,米津玄師,青い炎,124,alt,epic|happy|chill,0,1
466,Midnight Dreams,Neon Theory,Reflections,307,rock,focus|romantic,0,0
465,未来へ,YOASOBI,物語,327,edm,epic,0,0
464,Crimson Sky,Queen Storm,Night Drive,262,jazz,sad|epic,0,0
463,Silver Motion,MC Pulse,Vol. 2,285,anime,sad,0,0
462,残響散歌,Aimer,青い炎,377,jazz,dramatic|calm|energetic,0,0
461,Gravity Shadows,DJ Riders,Night Drive,413,lofi,focus|epic,0,0
460,Velvet Fire,MC Echo,Night Drive,191,alt,romantic|calm|epic,0,0
459,未来へ,Official髭男dism,ベスト,342,jpop,romantic|opening,0,0
458,白日,宇多田ヒカル,夜空,379,pop,sad|romantic|happy,0,0
457,Crimson Motion,Silent Echo,Greatest Hits,223,anime,calm|energetic|ending,0,0
456,Crimson City,Saint Storm,Vol. 2,129,anime,epic|chill|dramatic,0,0
455,Silver Dreams,Silent Waves,Greatest Hits,408,jpop,calm|focus,0,0
454,Ocean Lights,DJ Hearts,Greatest Hits,249,anime,dramatic|epic|calm,0,0
453,Velvet Fire,Young Waves,Greatest Hits,409,rock,dramatic,0,0
452,未来へ,米津玄師,夜空,282,indie,chill|focus,0,0
451,Midnight Run,Young Riders,Vol. 1,180,lofi,epic|romantic|dramatic,0,0
450,Crimson Shadows,Neon Nova,Greatest Hits,374,pop,happy|sad,0,0
449,Electric Shadows,Queen Fiction,Vol. 1,121,pop,epic|dramatic|romantic,0,0
448,キラキラ,RADWIMPS,アニメ主題歌,216,rock,chill|calm,0,0
447,炎,YOASOBI,夜空,412,pop,sad|calm,0,0
446,群青,宇多田ヒカル,夜空,241,lofi,sad,0,0
445,Midnight Sky,DJ Hearts,Reflections,382,rock,calm|happy|focus,0,0
444,Ocean Dreams,Queen Theory,Reflections,245,rock,happy|calm,0,0
443,白日,LiSA,ベスト,402,rock,sad|romantic|chill,0,0
442,Electric Rain,DJ Waves,Vol. 1,313,jazz,sad|energetic|romantic,0,0
441,Neon Motion,Young Riders,Single,383,edm,happy|romantic,0,0
440,残響散歌,宇多田ヒカル,ベスト,370,indie,romantic|epic|calm,0,0
439,Electric Motion,DJ Riders,Reflections,271,jazz,happy|romantic,0,0
438,Velvet Fire,Saint Waves,Reflections,334,edm,romantic,0,0
437,Neon City,DJ Nova,Night Drive,141,anime,focus,0,0
436,未来へ,RADWIMPS,物語,418,jazz,epic,0,0
435,Gravity City,King Riders,Single,204,edm,epic|happy,0,0
434,Crimson City,King Nova,Greatest Hits,341,lofi,sad,0,0
433,群青,Aimer,物語,152,jpop,calm|chill|ost,0,0
432,Golden Shadows,Queen Pulse,Greatest Hits,389,edm,chill|calm,0,0
431,群青,RADWIMPS,物語,202,jazz,romantic|sad,0,0
430,紅蓮華,LiSA,アニメ主題歌,207,alt,chill,0,0
429,Golden Shadows,Young Waves,Greatest Hits,311,lofi,happy,0,0
428,Crimson City,Blue Pulse,Single,148,edm,focus|chill,0,0
427,Golden Lights,King Pulse,Vol. 2,410,edm,focus|epic|chill,0,0
426,夜に駆ける,YOASOBI,青い炎,202,lofi,romantic,0,0
425,Crimson Sky,DJ Nova,Vol. 1,157,jazz,romantic|focus|epic,0,0
424,Gravity Rain,DJ Theory,Reflections,205,indie,happy|focus|calm,0,0
423,Golden Hearts,King Fiction,Single,253,jpop,epic,0,0
422,Neon Sky,Queen Nova,Single,258,pop,energetic,0,0
421,Midnight Rain,Young Storm,Night Drive,352,lofi,sad|romantic,0,0
420,Velvet Motion,Neon Riders,Greatest Hits,248,pop,happy,0,0
419,Velvet Lights,Neon Storm,Greatest Hits,342,anime,happy|romantic|ending,0,0
418,Gravity Lights,Saint Pulse,Single,123,jazz,romantic|energetic,0,0
417,Golden Fire,DJ Riders,Single,199,jazz,sad|chill,0,0
416,夜に駆ける,LiSA,ベスト,293,jazz,chill|dramatic|energetic,0,0
415,Golden Sky,Neon Riders,Night Drive,255,rock,romantic,0,0
414,未来へ,米津玄師,心の音,140,alt,focus|romantic|happy,0,0
413,Wild Fire,MC Pulse,Night Drive,347,edm,focus|chill|romantic,0,0
412,Electric Lights,King Pulse,Vol. 2,298,indie,focus|happy|calm,0,0
411,Ocean Sky,DJ Pulse,Single,404,pop,sad|chill,0,0
410,風吹けば恋,Official髭男dism,シングル,327,jpop,focus|epic,0,0
409,紅蓮華,RADWIMPS,シングル,342,lofi,chill|calm,0,0
198,群青,Aimer,ベスト,416,jpop,dramatic,0,0
197,Ocean Hearts,Blue Storm,Night Drive,201,lofi,epic,0,0
196,残響散歌,米津玄師,夜空,212,indie,energetic|romantic,0,0
195,Ocean Run,King Nova,Reflections,244,jazz,happy,0,0
194,炎,LiSA,ベスト,332,pop,dramatic,0,0
193,Silver Sky,King Lights,Vol. 1,209,jazz,focus|chill,0,0
192,Golden Motion,The Waves,Greatest Hits,188,edm,happy,0,0
191,Midnight Sky,King Riders,Night Drive,297,indie,chill|romantic,0,0
190,Ocean Rain,Saint Echo,Vol. 1,292,pop,focus|chill|sad,0,0
189,炎,LiSA,物語,180,pop,happy|epic,0,0
188,Wild Shadows,Neon Fiction,Vol. 1,344,lofi,epic|romantic|chill,0,0
187,Wild Shadows,The Pulse,Vol. 2,263,lofi,dramatic|energetic,0,0
186,風吹けば恋,King Gnu,アニメ主題歌,157,pop,happy|chill|dramatic,0,0
185,Electric Dreams,Neon Waves,Vol. 2,403,jazz,focus|happy|chill,0,0
184,Silver Sky,The Riders,Greatest Hits,144,jpop,romantic|sad|dramatic,0,0
183,Ocean Motion,Saint Echo,Night Drive,327,jazz,romantic,0,0
182,Ocean City,Neon Echo,Single,256,rock,focus,0,0
181,Wild Fire,MC Riders,Vol. 1,277,jazz,calm|dramatic,0,0
180,Electric Motion,Saint Nova,Vol. 2,381,alt,sad|happy,0,0
179,Neon Hearts,DJ Theory,Single,211,indie,romantic|happy,0,0
178,Silver Fire,DJ Nova,Vol. 1,402,jazz,calm|happy|dramatic,0,0
177,Gravity Shadows,Queen Lights,Greatest Hits,205,pop,romantic|sad,0,0
176,Ocean Fire,Neon Lights,Greatest Hits,241,lofi,chill,0,0
175,Electric Sky,Neon Waves,Night Drive,372,alt,calm|happy|dramatic,0,0
174,Neon Fire,Neon Theory,Reflections,304,edm,sad|focus,0,0
173,紅蓮華,YOASOBI,心の音,410,indie,sad,0,0
172,Gravity Hearts,Saint Lights,Single,384,rock,sad|energetic,0,0
171,炎,LiSA,心の音,353,indie,focus,0,0
170,Velvet Dreams,The Pulse,Vol. 2,398,edm,romantic,0,0
169,Golden Lights,King Riders,Vol. 1,391,rock,calm|dramatic|happy,0,0
168,群青,Aimer,アニメ主題歌,269,pop,epic|romantic,0,0
167,Midnight Lights,Silent Fiction,Vol. 2,405,edm,focus|energetic|calm,0,0
166,Neon Lights,Queen Waves,Reflections,365,pop,calm,0,0
165,風吹けば恋,King Gnu,夜空,363,rock,happy|focus|energetic,0,0
164,Neon Rain,Saint Lights,Vol. 1,317,jpop,chill|focus|ending,0,0
163,Neon City,Young Lights,Greatest Hits,233,jazz,dramatic|focus|happy,0,0
162,キラキラ,LiSA,シングル,337,anime,sad|epic|chill|opening,0,0
161,群青,宇多田ヒカル,物語,161,anime,sad|ost,0,0
160,キラキラ,Aimer,夜空,168,alt,energetic|dramatic,0,0
159,Gravity City,Neon Storm,Night Drive,335,jpop,epic|focus|energetic,0,0
158,Electric City,MC Echo,Greatest Hits,170,lofi,epic|romantic,0,0
157,紅蓮華,RADWIMPS,心の音,342,jazz,calm,0,0
156,Silver Hearts,King Hearts,Single,120,jpop,happy,0,0
155,Silver Fire,Queen Echo,Single,214,indie,focus|sad|epic,0,0
154,Crimson Lights,Neon Nova,Single,214,lofi,romantic|happy,0,0
153,Electric Sky,Neon Fiction,Night Drive,272,rock,energetic,0,0
152,風吹けば恋,Official髭男dism,心の音,331,anime,sad|ost,0,0
151,キラキラ,King Gnu,青い炎,147,pop,focus|sad|calm,0,0
150,キラキラ,米津玄師,アニメ主題歌,359,indie,romantic|energetic|dramatic,0,0
149,白日,King Gnu,物語,205,anime,epic|ending,0,0
148,Midnight Sky,Saint Lights,Greatest Hits,189,edm,energetic|happy,0,0
147,白日,宇多田ヒカル,ベスト,321,alt,sad,0,0
146,Neon Fire,Silent Pulse,Vol. 1,240,edm,sad|chill|epic,0,0
145,白日,RADWIMPS,アニメ主題歌,227,edm,happy|focus,0,0
144,白日,King Gnu,青い炎,240,lofi,energetic,0,0
143,Velvet Shadows,Saint Echo,Greatest Hits,333,edm,dramatic|calm|focus,0,0
142,炎,宇多田ヒカル,心の音,141,lofi,calm|energetic|epic,0,0
141,白日,Aimer,夜空,120,indie,sad|happy,0,0
140,Wild Run,The Lights,Greatest Hits,253,lofi,happy|focus|calm,0,0
139,キラキラ,RADWIMPS,アニメ主題歌,125,edm,epic|happy|sad,0,0
138,Midnight Fire,Saint Riders,Reflections,238,rock,calm|chill,0,0
137,Midnight Sky,The Pulse,Reflections,239,lofi,focus|happy|energetic,0,0
136,Electric City,The Pulse,Vol. 1,310,jazz,energetic,0,0
135,残響散歌,Official髭男dism,シングル,214,lofi,chill,0,0
134,Midnight Shadows,King Waves,Greatest Hits,222,pop,epic|focus,0,0
133,Ocean Lights,Queen Nova,Greatest Hits,271,anime,sad|romantic|opening,0,0
132,Ocean Sky,King Theory,Reflections,333,anime,energetic|sad|happy|opening,0,0
131,Ocean Hearts,Queen Storm,Single,359,jazz,energetic|chill,0,0
130,Electric Dreams,Queen Riders,Vol. 2,413,edm,calm,0,0
129,群青,宇多田ヒカル,物語,179,indie,romantic,0,0
128,Golden Motion,Saint Echo,Vol. 2,388,anime,dramatic|epic,0,0
127,Crimson Lights,Young Fiction,Single,287,jazz,sad|focus,0,0
126,Neon Shadows,MC Theory,Reflections,145,anime,sad|epic|ost,0,0
125,未来へ,Aimer,ベスト,265,rock,dramatic|focus|romantic,0,0
124,Golden Dreams,Saint Nova,Greatest Hits,128,alt,epic|focus,0,0
123,紅蓮華,Aimer,心の音,360,anime,chill|dramatic|ost,0,0
122,Neon Run,Neon Pulse,Night Drive,316,alt,romantic,0,0
121,Wild Rain,Silent Pulse,Vol. 1,208,pop,calm,0,0
120,夜に駆ける,YOASOBI,シングル,383,indie,epic|focus,0,0
119,風吹けば恋,Aimer,夜空,420,alt,sad|dramatic,0,0
118,Midnight Fire,DJ Echo,Single,383,rock,happy,0,0
117,青のすみか,Aimer,シングル,165,lofi,energetic|epic,0,0
116,Wild Fire,MC Riders,Vol. 2,144,lofi,dramatic,0,0
115,Neon Sky,Silent Echo,Vol. 2,337,jazz,calm,0,0
114,Crimson Run,Queen Hearts,Greatest Hits,281,jazz,focus,0,0
113,Wild Dreams,King Lights,Night Drive,261,pop,chill|focus|romantic,0,0
112,風吹けば恋,RADWIMPS,シングル,159,rock,calm,0,0
111,Silver Dreams,Silent Waves,Reflections,393,jpop,sad|happy|anime,0,0
110,残響散歌,RADWIMPS,物語,197,edm,chill,0,0
109,Silver Run,Young Hearts,Greatest Hits,200,pop,dramatic|focus,0,0
108,Silver Rain,Young Theory,Single,271,jpop,chill|calm|opening,0,0
107,Ocean City,MC Fiction,Single,147,jpop,sad|epic|energetic|anime,0,0
106,Gravity Shadows,MC Fiction,Greatest Hits,337,lofi,epic|dramatic|calm,0,0
105,Silver City,King Storm,Single,235,anime,dramatic,0,0
104,白日,LiSA,青い炎,177,jazz,energetic,0,0
103,Golden Shadows,Blue Riders,Reflections,317,edm,sad,0,0
102,Wild Motion,DJ Riders,Greatest Hits,298,jpop,dramatic|opening,0,0
101,紅蓮華,宇多田ヒカル,青い炎,145,pop,energetic|epic|dramatic,0,0
100,Neon Dreams,King Lights,Night Drive,218,lofi,happy|chill,0,0
99,Electric Run,DJ Pulse,Night Drive,366,anime,happy,0,0
98,風吹けば恋,Aimer,青い炎,230,jazz,chill,0,0
97,青のすみか,宇多田ヒカル,ベスト,144,edm,romantic|sad,0,0
46,Neon Shadows,Saint Waves,Greatest Hits,196,alt,sad|calm|dramatic,0,0
45,Silver Sky,DJ Riders,Reflections,256,jazz,chill|happy,0,0
44,Midnight Shadows,Silent Fiction,Greatest Hits,365,edm,energetic|calm|chill,0,0
43,Midnight Dreams,Young Pulse,Reflections,222,anime,epic|opening,0,0
42,Velvet Rain,MC Theory,Greatest Hits,211,jpop,happy|energetic|dramatic,0,0
41,Wild Sky,DJ Echo,Night Drive,344,edm,happy|chill,0,0
40,Midnight City,Saint Pulse,Vol. 2,158,rock,dramatic|happy,0,0
39,炎,King Gnu,青い炎,286,jpop,romantic|happy|epic,0,0
38,群青,Official髭男dism,夜空,180,pop,energetic|sad|calm,0,0
37,群青,RADWIMPS,ベスト,375,alt,romantic|happy,0,0
36,Midnight Lights,Silent Storm,Vol. 2,200,jazz,energetic|calm,0,0
35,Velvet Fire,Young Waves,Vol. 2,174,indie,calm,0,0
34,白日,RADWIMPS,ベスト,165,alt,dramatic|energetic,0,0
33,群青,YOASOBI,心の音,200,edm,happy|sad,0,0
32,Ocean Shadows,Silent Fiction,Night Drive,279,lofi,dramatic|romantic|sad,0,0
31,夜に駆ける,米津玄師,アニメ主題歌,387,jazz,epic|focus|chill,0,0
30,残響散歌,RADWIMPS,シングル,356,pop,calm|happy|energetic,0,0
29,残響散歌,宇多田ヒカル,シングル,394,lofi,happy|epic,0,0
28,群青,YOASOBI,夜空,174,pop,sad|chill,0,0
27,Ocean Shadows,King Storm,Greatest Hits,167,rock,epic|focus|dramatic,0,0
26,Electric City,The Hearts,Night Drive,177,jpop,energetic|chill|ending,0,0
25,白日,米津玄師,アニメ主題歌,146,indie,focus|epic,0,0
24,Golden Dreams,DJ Pulse,Single,125,edm,calm|dramatic|epic,0,0
23,未来へ,宇多田ヒカル,心の音,175,edm,chill|sad,0,0
10,キラキラ,Aimer,物語,161,indie,sad|focus,0,0
9,Wild Hearts,Young Waves,Greatest Hits,131,jazz,romantic,0,0
8,紅蓮華,米津玄師,アニメ主題歌,366,anime,happy|anime,0,0
7,Wild Lights,Queen Fiction,Night Drive,206,rock,epic|energetic,0,0
6,Ocean Run,Saint Fiction,Greatest Hits,209,indie,dramatic|romantic,0,0
5,未来へ,YOASOBI,物語,155,jpop,energetic|epic|anime,0,0
1,青のすみか,LiSA,ベスト,214,indie,romantic|happy,0,0
2,Midnight Run,The Storm,Greatest Hits,127,anime,focus|dramatic|ending,0,0
3,Gravity Fire,DJ Riders,Vol. 2,142,jpop,sad|chill,0,0
4,Golden Dreams,The Waves,Single,286,jazz,energetic|epic,0,0
11,Velvet Shadows,The Echo,Greatest Hits,316,lofi,chill|happy,0,0
12,Ocean Sky,Silent Theory,Reflections,123,alt,dramatic|calm|happy,0,0
13,Silver Dreams,The Nova,Vol. 1,360,jazz,focus,0,0
14,Golden City,DJ Storm,Greatest Hits,303,lofi,chill|romantic|calm,0,0
15,群青,Official髭男dism,ベスト,400,alt,epic|sad|dramatic,0,0
16,Crimson Sky,Young Echo,Single,156,jazz,energetic,0,0
17,風吹けば恋,King Gnu,アニメ主題歌,157,jpop,chill|calm|ost,0,0
18,Crimson Fire,Young Waves,Single,273,jazz,sad|epic|happy,0,0
19,残響散歌,RADWIMPS,物語,175,lofi,dramatic,0,0
20,白日,Official髭男dism,アニメ主題歌,226,alt,focus|dramatic|chill,0,0
21,Ocean Sky,Neon Theory,Vol. 1,213,lofi,epic|dramatic,0,0
22,風吹けば恋,King Gnu,心の音,296,lofi,focus,0,0
47,白日,King Gnu,物語,232,rock,energetic,0,0
48,Wild Shadows,DJ Riders,Vol. 1,362,alt,epic|chill,0,0
49,未来へ,King Gnu,シングル,162,jpop,calm|sad|focus|ost,0,0
50,Gravity Shadows,DJ Riders,Single,353,indie,happy|energetic|epic,0,0
51,Wild Dreams,The Lights,Reflections,175,rock,happy|romantic,0,0
52,青のすみか,Aimer,青い炎,405,jazz,dramatic|epic|romantic,0,0
53,Crimson Shadows,Saint Fiction,Single,335,lofi,dramatic,0,0
54,Golden Fire,Young Lights,Greatest Hits,397,alt,epic|focus,0,0
55,Ocean Motion,Neon Lights,Night Drive,239,jpop,chill|focus|happy,0,0
56,Golden Rain,MC Waves,Single,142,jpop,romantic|calm|dramatic|ost,0,0
57,Electric Dreams,Young Hearts,Reflections,218,alt,romantic|energetic|calm,0,0
58,Electric Sky,The Hearts,Vol. 1,144,indie,focus|chill|dramatic,0,0
59,夜に駆ける,RADWIMPS,夜空,295,pop,chill|calm|romantic,0,0
60,Crimson Rain,Young Fiction,Vol. 1,411,indie,focus,0,0
61,Gravity Hearts,Young Pulse,Greatest Hits,387,rock,focus|sad|calm,0,0
62,残響散歌,King Gnu,心の音,211,edm,dramatic|happy|epic,0,0
63,Silver Fire,Neon Storm,Vol. 2,395,anime,epic|opening,0,0
64,キラキラ,LiSA,心の音,402,jpop,dramatic|focus|epic,0,0
65,未来へ,Official髭男dism,夜空,283,jazz,epic,0,0
66,Silver Hearts,Neon Waves,Vol. 1,368,indie,sad|dramatic,0,0
67,青のすみか,YOASOBI,物語,206,lofi,dramatic|focus,0,0
68,Electric Run,Neon Echo,Night Drive,312,lofi,focus,0,0
69,Silver Run,Young Nova,Single,299,pop,sad|happy,0,0
70,未来へ,YOASOBI,シングル,290,rock,sad|energetic,0,0
71,夜に駆ける,Official髭男dism,ベスト,393,lofi,focus|energetic|romantic,0,0
72,Electric Lights,MC Pulse,Vol. 2,385,jazz,chill|calm|focus,0,0
73,白日,宇多田ヒカル,夜空,250,lofi,chill,0,0
74,Neon City,Young Echo,Single,348,indie,chill,0,0
75,Silver Hearts,King Echo,Single,139,jpop,happy|calm|chill,0,0
76,風吹けば恋,宇多田ヒカル,物語,274,jazz,happy,0,0
77,Golden Shadows,Silent Waves,Single,382,jazz,chill|epic,0,0
78,Electric Shadows,Neon Fiction,Vol. 1,219,lofi,calm|focus|chill,0,0
79,Velvet Fire,Young Fiction,Single,123,anime,happy|chill,0,0
80,Wild Motion,Blue Pulse,Night Drive,163,indie,happy|energetic,0,0
81,未来へ,YOASOBI,夜空,240,lofi,happy,0,0
82,Golden Shadows,Saint Storm,Reflections,129,jazz,chill,0,0
83,群青,Aimer,アニメ主題歌,257,lofi,dramatic,0,0
84,Gravity Hearts,DJ Lights,Greatest Hits,164,jpop,dramatic|focus,0,0
85,Wild Sky,Silent Theory,Night Drive,371,lofi,happy|energetic|sad,0,0
86,Wild Rain,King Fiction,Vol. 1,379,pop,dramatic|focus,0,0
87,風吹けば恋,宇多田ヒカル,ベスト,397,pop,dramatic|focus,0,0
88,Wild City,King Storm,Single,363,pop,epic,0,0
89,Crimson Run,Silent Pulse,Night Drive,120,jpop,sad,0,0
90,Electric Sky,MC Riders,Reflections,266,indie,energetic|calm|chill,0,0
91,青のすみか,Aimer,ベスト,392,jpop,epic|anime,0,0
92,Silver Hearts,Queen Theory,Single,128,alt,epic,0,0
93,Wild Sky,King Riders,Single,146,jpop,chill|romantic|calm|ost,0,0
94,Golden Shadows,King Nova,Vol. 2,188,anime,energetic|sad|anime,0,0
95,紅蓮華,米津玄師,心の音,341,lofi,sad,0,0
96,Gravity Rain,Silent Riders,Night Drive,198,anime,calm|chill|opening,0,0
199,Golden City,Young Riders,Greatest Hits,288,edm,chill|romantic,0,0
200,炎,King Gnu,アニメ主題歌,349,lofi,focus,0,0
201,Crimson City,Young Lights,Night Drive,365,jazz,calm,0,0
202,Golden Rain,DJ Theory,Greatest Hits,136,jazz,focus|romantic|calm,0,0
203,Velvet Motion,Silent Theory,Vol. 2,349,anime,dramatic|happy|opening,0,0
204,残響散歌,YOASOBI,物語,314,jpop,focus|anime,0,0
205,Golden Hearts,King Lights,Reflections,187,jazz,calm,0,0
206,Midnight Shadows,DJ Lights,Reflections,348,lofi,energetic|focus|dramatic,0,0
207,夜に駆ける,LiSA,シングル,291,jpop,happy|dramatic|romantic|ost,0,0
208,Silver Run,The Waves,Single,138,jpop,sad|energetic|romantic,0,0
209,Gravity Shadows,Queen Theory,Greatest Hits,301,lofi,romantic|focus|calm,0,0
210,Silver Sky,The Fiction,Reflections,184,edm,calm|chill,0,0
211,残響散歌,LiSA,ベスト,387,alt,romantic|energetic|chill,0,0
212,Crimson Rain,Blue Fiction,Vol. 1,393,pop,focus,0,0
213,青のすみか,YOASOBI,物語,340,lofi,sad,0,0
214,Ocean Sky,Queen Hearts,Vol. 1,374,edm,sad,0,0
215,Golden Hearts,Silent Waves,Night Drive,192,rock,epic|dramatic,0,0
216,Midnight Fire,Queen Riders,Vol. 1,277,rock,energetic|calm,0,0
217,Electric Motion,Silent Fiction,Greatest Hits,253,pop,sad|happy|dramatic,0,0
218,残響散歌,米津玄師,アニメ主題歌,144,lofi,romantic|chill,0,0
219,紅蓮華,Official髭男dism,アニメ主題歌,363,jazz,chill,0,0
220,残響散歌,King Gnu,夜空,228,anime,epic|ost,0,0
221,Neon Run,King Pulse,Vol. 1,216,rock,happy|chill|sad,0,0
222,炎,LiSA,アニメ主題歌,282,jazz,dramatic|epic|calm,0,0
223,Silver Fire,DJ Fiction,Vol. 1,306,edm,happy|chill,0,0
224,Golden City,Queen Fiction,Reflections,216,indie,dramatic,0,0
225,Crimson City,Queen Lights,Reflections,120,rock,dramatic|focus,0,0
226,Crimson Hearts,Queen Lights,Reflections,379,lofi,energetic|happy|epic,0,0
227,Golden Rain,Young Echo,Reflections,139,lofi,epic|calm|sad,0,0
228,Silver City,King Riders,Night Drive,403,rock,happy|chill|romantic,0,0
229,Silver Lights,Saint Pulse,Night Drive,336,rock,chill,0,0
230,Wild Fire,Young Storm,Vol. 2,218,lofi,romantic|focus,0,0
231,Neon Run,MC Echo,Vol. 2,246,jpop,focus|ost,0,0
232,Crimson Shadows,Saint Echo,Greatest Hits,281,jpop,epic,0,0
233,Midnight Sky,Young Storm,Night Drive,257,alt,dramatic|happy,0,0
234,白日,米津玄師,シングル,385,lofi,chill|sad,0,0
235,Silver Motion,Saint Hearts,Night Drive,291,lofi,dramatic|calm|energetic,0,0
236,白日,Aimer,ベスト,152,alt,focus|sad,0,0
237,Velvet Motion,The Theory,Night Drive,147,anime,focus|happy|chill|anime,0,0
238,Gravity Motion,Young Waves,Reflections,230,alt,epic|happy|energetic,0,0
239,残響散歌,Aimer,ベスト,387,jpop,chill|epic|anime,0,0
240,Wild Run,Neon Nova,Greatest Hits,384,rock,focus|calm|sad,0,0
241,キラキラ,Official髭男dism,夜空,300,lofi,energetic|romantic|happy,0,0
242,炎,King Gnu,アニメ主題歌,341,rock,energetic,0,0
243,白日,Aimer,青い炎,126,alt,happy,0,0
244,Silver Motion,DJ Theory,Greatest Hits,337,rock,romantic|energetic|epic,0,0
245,Crimson Sky,King Fiction,Greatest Hits,367,anime,happy|focus|anime,0,0
246,Gravity Shadows,Silent Pulse,Night Drive,379,alt,happy,0,0
247,Velvet Shadows,Neon Waves,Vol. 2,154,rock,chill,0,0
248,白日,YOASOBI,心の音,179,jpop,romantic|epic|calm|ost,0,0
249,Ocean Rain,Young Hearts,Vol. 1,153,rock,happy,0,0
250,Velvet Hearts,Queen Pulse,Greatest Hits,362,indie,dramatic|happy|sad,0,0
251,Wild Sky,Silent Pulse,Greatest Hits,137,rock,chill,0,0
252,Midnight Dreams,Queen Echo,Night Drive,254,jazz,dramatic,0,0
253,Gravity Rain,Neon Lights,Reflections,239,rock,sad,0,0
254,白日,米津玄師,アニメ主題歌,371,indie,calm|focus|energetic,0,0
255,Golden Fire,King Nova,Single,158,pop,calm|happy|romantic,0,0
256,Midnight Rain,DJ Storm,Greatest Hits,292,jpop,calm|ost,0,0
257,Electric Rain,MC Lights,Vol. 1,128,anime,energetic|dramatic,0,0
258,Midnight Lights,Queen Pulse,Single,387,anime,chill|energetic|epic,0,0
259,Golden Run,Young Riders,Reflections,178,edm,romantic|chill|focus,0,0
260,Silver Sky,King Theory,Reflections,386,alt,chill|epic|energetic,0,0
261,キラキラ,米津玄師,物語,185,indie,dramatic,0,0
262,残響散歌,King Gnu,アニメ主題歌,201,rock,calm,0,0
263,Golden Fire,Blue Pulse,Vol. 2,375,anime,romantic|focus,0,0
264,Crimson City,DJ Theory,Reflections,162,alt,epic|sad|energetic,0,0
265,Neon Rain,The Echo,Reflections,233,indie,energetic,0,0
266,Gravity Fire,Silent Nova,Vol. 1,267,edm,focus,0,0
267,風吹けば恋,Official髭男dism,ベスト,169,lofi,calm|epic|energetic,0,0
268,Crimson Hearts,Blue Nova,Vol. 1,223,alt,focus|epic|calm,0,0
269,Ocean Lights,Saint Lights,Single,312,jpop,dramatic,0,0
270,Electric Fire,DJ Pulse,Reflections,123,indie,focus|happy|dramatic,0,0
271,Crimson Hearts,Neon Fiction,Vol. 1,169,jazz,dramatic|focus|epic,0,0
272,Golden Lights,Saint Storm,Vol. 2,259,jazz,calm,0,0
273,Gravity Shadows,King Lights,Vol. 2,346,rock,calm,0,0
274,Silver Dreams,King Storm,Night Drive,264,alt,epic|chill,0,0
275,夜に駆ける,Aimer,アニメ主題歌,288,anime,dramatic|energetic,0,0
276,Gravity Fire,Saint Theory,Vol. 2,381,jazz,romantic,0,0
277,Gravity Fire,Queen Hearts,Vol. 2,359,pop,sad|energetic,0,0
278,Ocean Hearts,The Pulse,Single,354,pop,energetic|chill,0,0
279,群青,宇多田ヒカル,シングル,357,pop,dramatic,0,0
280,Velvet Lights,The Lights,Greatest Hits,414,indie,chill|sad|happy,0,0
281,夜に駆ける,YOASOBI,心の音,250,pop,focus|calm|happy,0,0
282,Ocean Run,Queen Echo,Reflections,365,rock,sad|calm|epic,0,0
283,Gravity Hearts,DJ Echo,Vol. 1,238,indie,sad|energetic,0,0
284,未来へ,米津玄師,夜空,214,anime,epic|calm|focus|anime,0,0
285,Midnight Motion,Neon Theory,Vol. 1,142,pop,calm|energetic,0,0
286,Golden City,Queen Echo,Vol. 2,256,edm,focus,0,0
287,群青,YOASOBI,物語,199,rock,epic|dramatic|energetic,0,0
288,青のすみか,宇多田ヒカル,物語,387,rock,focus,0,0
289,群青,RADWIMPS,青い炎,210,rock,chill|epic|dramatic,0,0
290,Ocean Hearts,MC Fiction,Reflections,392,jazz,calm|energetic|chill,0,0
291,Gravity Shadows,Young Hearts,Greatest Hits,293,anime,dramatic|romantic|opening,0,0
292,Neon Motion,King Hearts,Reflections,245,anime,chill|focus,0,0
293,キラキラ,King Gnu,物語,312,anime,focus|ending,0,0
294,風吹けば恋,Official髭男dism,シングル,406,alt,dramatic,0,0
295,Wild Run,Young Storm,Reflections,311,anime,energetic|ending,0,0
296,Electric Shadows,King Theory,Vol. 2,331,edm,energetic,0,0
297,Midnight Shadows,Saint Theory,Greatest Hits,230,alt,calm,0,0
298,Ocean Rain,Young Echo,Greatest Hits,328,rock,focus|energetic,0,0
299,Gravity Sky,The Pulse,Reflections,206,rock,chill,0,0
300,Golden City,Neon Pulse,Vol. 2,153,anime,calm|romantic|opening,0,0
301,夜に駆ける,LiSA,心の音,414,lofi,happy,0,0
302,Golden Lights,King Riders,Vol. 2,147,jpop,epic|focus|anime,0,0
303,Golden Rain,Queen Riders,Night Drive,403,indie,focus|happy|calm,0,0
304,Neon Dreams,Silent Storm,Reflections,276,jpop,focus|sad|anime,0,0
305,Ocean Fire,MC Pulse,Vol. 2,211,rock,calm|focus,0,0
306,Wild Run,Neon Lights,Greatest Hits,262,lofi,sad|chill,0,0
307,未来へ,米津玄師,夜空,124,jpop,romantic|calm|happy,0,0
308,キラキラ,LiSA,心の音,153,alt,romantic|chill|calm,0,0
309,Wild Motion,The Theory,Reflections,417,anime,focus|ending,0,0
310,Electric Hearts,Queen Storm,Greatest Hits,140,indie,calm,0,0
311,Silver Shadows,DJ Fiction,Single,161,lofi,chill,0,0
312,風吹けば恋,Official髭男dism,青い炎,413,alt,romantic,0,0
313,Electric Dreams,Neon Theory,Greatest Hits,285,pop,happy,0,0
314,Electric City,Saint Theory,Night Drive,290,jpop,energetic|happy|romantic,0,0
315,群青,米津玄師,心の音,367,edm,romantic|sad,0,0
316,Ocean Shadows,Queen Fiction,Reflections,131,anime,energetic|calm|opening,0,0
317,Ocean Dreams,Young Theory,Reflections,168,jazz,epic|calm|sad,0,0
318,Wild Shadows,Blue Echo,Night Drive,380,indie,dramatic|focus,0,0
319,Midnight Hearts,MC Echo,Greatest Hits,163,jpop,epic,0,0
320,Ocean Fire,MC Pulse,Greatest Hits,301,anime,energetic|happy|sad,0,0
321,Wild Shadows,The Theory,Night Drive,351,lofi,energetic,0,0
322,キラキラ,宇多田ヒカル,物語,291,jpop,sad|energetic,0,0
323,Gravity City,King Waves,Reflections,298,lofi,chill,0,0
324,Gravity Rain,Silent Lights,Single,130,lofi,focus|dramatic|happy,0,0
325,Midnight Dreams,Neon Pulse,Reflections,409,jpop,energetic|epic|ending,0,0
326,Velvet Fire,The Nova,Single,346,jpop,epic|anime,0,0
327,Electric Dreams,Silent Storm,Reflections,236,indie,focus|calm|romantic,0,0
328,Golden Rain,Blue Riders,Reflections,212,anime,energetic|epic|ost,0,0
329,Crimson City,Queen Storm,Single,126,rock,calm|sad,0,0
330,Silver Rain,Young Riders,Reflections,274,anime,dramatic|romantic|anime,0,0
331,Velvet Sky,The Waves,Vol. 1,181,edm,calm|romantic,0,0
332,Midnight Motion,Queen Theory,Single,415,alt,happy,0,0
333,キラキラ,King Gnu,シングル,213,anime,energetic|dramatic|epic|anime,0,0
334,夜に駆ける,Official髭男dism,夜空,341,lofi,chill|epic|energetic,0,0
335,Neon Hearts,King Waves,Vol. 2,249,jpop,sad|dramatic|chill,0,0
336,Ocean Hearts,Queen Riders,Vol. 1,328,indie,epic,0,0
337,Silver Run,Queen Nova,Vol. 2,332,jpop,sad|dramatic|anime,0,0
338,群青,宇多田ヒカル,物語,303,pop,happy|dramatic|focus,0,0
339,Ocean Hearts,DJ Pulse,Night Drive,144,indie,sad,0,0
340,Midnight Rain,The Lights,Greatest Hits,198,pop,sad|happy,0,0
341,Silver Dreams,MC Pulse,Vol. 2,148,alt,calm|happy|energetic,0,0
342,風吹けば恋,LiSA,アニメ主題歌,242,jazz,energetic,0,0
343,炎,米津玄師,青い炎,181,indie,epic|focus,0,0
344,炎,LiSA,シングル,240,anime,calm|dramatic|romantic|ost,0,0
345,群青,King Gnu,物語,328,pop,focus|dramatic,0,0
346,風吹けば恋,Official髭男dism,物語,300,lofi,focus,0,0
347,Ocean City,Saint Riders,Vol. 1,206,indie,chill,0,0
348,Crimson Shadows,MC Nova,Single,274,pop,focus,0,0
349,Golden Hearts,Blue Theory,Vol. 1,149,lofi,focus|calm|chill,0,0
350,Silver Sky,Silent Echo,Night Drive,215,pop,chill,0,0
351,Ocean Run,The Lights,Vol. 2,223,anime,chill|opening,0,0
352,Neon Fire,Neon Storm,Vol. 1,213,jazz,sad|romantic|energetic,0,0
353,炎,King Gnu,シングル,181,pop,focus,0,0
354,残響散歌,Aimer,アニメ主題歌,166,anime,calm|happy|ost,0,0
355,Midnight Hearts,Silent Fiction,Night Drive,294,anime,dramatic|ending,0,0
356,群青,Official髭男dism,青い炎,360,rock,sad|dramatic|romantic,0,0
357,Golden Shadows,Queen Storm,Greatest Hits,334,pop,chill,0,0
358,Golden Run,Blue Fiction,Single,277,jpop,epic|anime,0,0
359,Neon Rain,Blue Nova,Vol. 1,365,lofi,epic,0,0
360,Velvet Rain,Queen Waves,Vol. 2,279,rock,happy,0,0
361,Silver Fire,Silent Lights,Reflections,274,jpop,chill|sad,0,0
362,Velvet Dreams,Silent Echo,Single,283,rock,focus|sad|chill,0,0
363,Ocean Rain,Neon Lights,Greatest Hits,395,alt,focus,0,0
364,Electric Rain,Young Hearts,Reflections,125,alt,chill|focus|romantic,0,0
365,白日,YOASOBI,シングル,150,indie,epic,0,0
366,Golden Motion,Neon Fiction,Single,287,jazz,focus|romantic,0,0
367,風吹けば恋,Aimer,物語,159,jpop,sad|ending,0,0
368,群青,Aimer,夜空,175,rock,happy,0,0
369,Silver Shadows,Silent Storm,Greatest Hits,309,edm,epic|dramatic|chill,0,0
370,Crimson Sky,Queen Theory,Vol. 1,283,pop,chill|energetic|epic,0,0
371,Gravity Shadows,Queen Echo,Single,134,edm,epic,0,0
372,Wild City,Young Theory,Vol. 1,177,lofi,calm|chill,0,0
373,Silver Shadows,MC Lights,Vol. 2,402,lofi,energetic|chill,0,0
374,残響散歌,宇多田ヒカル,心の音,358,pop,calm|sad|dramatic,0,0
375,Crimson Motion,Silent Hearts,Night Drive,305,rock,chill|sad,0,0
376,Wild Lights,Blue Pulse,Single,327,anime,calm|sad|energetic,0,0
377,Wild Rain,The Fiction,Vol. 2,345,pop,epic,0,0
378,Wild Sky,King Riders,Reflections,358,jazz,chill|romantic|dramatic,0,0
379,Electric City,Silent Fiction,Single,407,anime,chill|ending,0,0
380,Electric Sky,Neon Pulse,Night Drive,349,jazz,calm|epic,0,0
381,Midnight Run,Young Lights,Greatest Hits,235,indie,sad|romantic|happy,0,0
382,Ocean Lights,DJ Pulse,Vol. 2,286,rock,romantic,0,0
383,Gravity Shadows,Silent Pulse,Vol. 2,365,rock,happy,0,0
384,Midnight Hearts,MC Pulse,Night Drive,321,anime,calm,0,0
385,Crimson City,Blue Storm,Vol. 2,320,indie,sad|happy,0,0
386,白日,King Gnu,アニメ主題歌,370,pop,calm,0,0
387,Wild Motion,Saint Storm,Reflections,284,lofi,calm|energetic,0,0
388,Electric Lights,Blue Echo,Night Drive,179,edm,calm,0,0
389,Wild City,Blue Theory,Single,160,alt,energetic,0,0
390,Gravity Lights,Young Storm,Night Drive,385,alt,epic|calm,0,0
391,未来へ,RADWIMPS,青い炎,395,indie,focus|dramatic|happy,0,0
392,炎,RADWIMPS,心の音,367,lofi,romantic,0,0
393,Ocean Hearts,Blue Pulse,Reflections,123,alt,calm|happy,0,0
394,夜に駆ける,King Gnu,アニメ主題歌,152,rock,dramatic|calm|focus,0,0
395,Gravity Dreams,Neon Storm,Greatest Hits,317,jazz,romantic|calm,0,0
396,Silver City,Blue Fiction,Reflections,276,alt,focus,0,0
397,Electric Run,Saint Fiction,Vol. 2,255,indie,happy,0,0
398,未来へ,YOASOBI,心の音,132,lofi,dramatic|calm,0,0
399,群青,King Gnu,アニメ主題歌,401,indie,dramatic,0,0
400,Gravity Dreams,Blue Echo,Vol. 2,160,pop,dramatic|calm|happy,0,0
401,風吹けば恋,宇多田ヒカル,夜空,343,jazz,romantic|chill|calm,0,0
402,Wild Sky,King Hearts,Greatest Hits,247,jpop,calm|happy|sad|ost,0,0
403,未来へ,Official髭男dism,シングル,303,lofi,dramatic,0,0
404,Velvet Run,Young Storm,Vol. 2,419,indie,dramatic|energetic,0,0
405,Gravity Lights,Queen Riders,Single,271,jpop,energetic|happy|focus|ending,0,0
406,青のすみか,YOASOBI,ベスト,239,lofi,energetic,0,0
407,Wild Lights,The Lights,Greatest Hits,307,jpop,focus|ending,0,0
408,Gravity Run,Blue Riders,Greatest Hits,372,alt,romantic|sad,0,0
